actual_churn,predicted_churn,churn_probability,risk_category
0,0,0.014113546369864114,Low Risk
0,1,0.9192385601859809,High Risk
0,0,0.22523524270468037,Low Risk
0,0,0.2163669774925873,Low Risk
0,0,0.0034102281656354094,Low Risk
0,1,0.8612981186490037,High Risk
0,1,0.7988204085204151,High Risk
0,0,0.2022776013846826,Low Risk
0,0,0.03719425968636095,Low Risk
1,1,0.5632981462998256,Medium Risk
0,1,0.5730605887234602,Medium Risk
0,0,0.0047340341903257845,Low Risk
0,0,0.299806090099225,Low Risk
1,1,0.7349960379562785,High Risk
0,0,0.21556163685152813,Low Risk
0,0,0.05238609798846111,Low Risk
0,0,0.05194128654138328,Low Risk
0,1,0.8769248874848445,High Risk
0,0,0.2891672527116309,Low Risk
0,0,0.03471767131534107,Low Risk
1,1,0.9035766389976317,High Risk
0,0,0.09678986402989341,Low Risk
0,0,0.03367590706742657,Low Risk
0,0,0.03455031371778927,Low Risk
0,0,0.3647957604673768,Medium Risk
0,0,0.466353747485827,Medium Risk
1,1,0.6772935184019419,Medium Risk
1,1,0.8153282807073761,High Risk
0,0,0.05673623092976345,Low Risk
1,1,0.7976388931660501,High Risk
0,1,0.7054765976502914,High Risk
0,1,0.7760790404085307,High Risk
0,0,0.008050644976739636,Low Risk
0,0,0.016065048659866375,Low Risk
1,1,0.8945083790435672,High Risk
0,0,0.28264634956039836,Low Risk
1,1,0.6489799376855818,Medium Risk
0,0,0.003093515990229908,Low Risk
1,1,0.9453958792454223,High Risk
1,0,0.14362667346983368,Low Risk
0,0,0.0028642568710115428,Low Risk
0,1,0.9428358168082784,High Risk
0,0,0.47239885905046236,Medium Risk
0,0,0.2984504888582579,Low Risk
0,0,0.18112327135292342,Low Risk
1,1,0.8012534807538652,High Risk
0,1,0.8506179123970726,High Risk
0,0,0.22898399103693678,Low Risk
0,0,0.016582007895891534,Low Risk
1,0,0.4047313478933515,Medium Risk
0,0,0.007266270864151787,Low Risk
1,1,0.9592703727959035,High Risk
0,0,0.19986453563198928,Low Risk
0,1,0.6509408060898443,Medium Risk
0,1,0.5723547583165415,Medium Risk
1,1,0.7256888010729469,High Risk
0,0,0.052883912487456185,Low Risk
0,0,0.07861973970001178,Low Risk
0,0,0.05513622043685026,Low Risk
0,0,0.006003089628382159,Low Risk
0,0,0.002088073668364834,Low Risk
1,0,0.0035478854390561974,Low Risk
0,0,0.1770275483598106,Low Risk
0,0,0.31671289010529696,Medium Risk
1,1,0.641530748562584,Medium Risk
1,1,0.7676627697590763,High Risk
1,0,0.34716560521687845,Medium Risk
1,0,0.45527536293181,Medium Risk
1,0,0.09666676769988151,Low Risk
1,1,0.981018429359479,High Risk
0,0,0.0019926762850891464,Low Risk
0,0,0.014989713662052834,Low Risk
1,1,0.7646439891289301,High Risk
0,0,0.11127305325677728,Low Risk
0,0,0.2535253328014732,Low Risk
0,0,0.17042819390174513,Low Risk
0,0,0.11257121348722464,Low Risk
1,1,0.6804429727134634,Medium Risk
0,0,0.07804084925565662,Low Risk
0,0,0.0011755092441891675,Low Risk
0,0,0.016889690367897132,Low Risk
0,0,0.010856511978022586,Low Risk
1,0,0.4644229102280965,Medium Risk
1,1,0.9043125906394803,High Risk
0,0,0.040843759364684915,Low Risk
0,0,0.40722117967723837,Medium Risk
0,1,0.8697059025320231,High Risk
1,1,0.8693180421502065,High Risk
1,1,0.6411757415416919,Medium Risk
0,0,0.13231775189741077,Low Risk
1,1,0.6748869164286603,Medium Risk
0,0,0.4592577312146623,Medium Risk
0,0,0.011047381513267764,Low Risk
1,1,0.7724861876236886,High Risk
1,1,0.7845347482516084,High Risk
0,0,0.014980799590882672,Low Risk
0,1,0.7778169276654674,High Risk
0,0,0.005719529587457048,Low Risk
1,1,0.9337160488253826,High Risk
0,0,0.139934908826814,Low Risk
1,1,0.8442539162690845,High Risk
1,1,0.7643626755744418,High Risk
0,1,0.6190265454977788,Medium Risk
1,0,0.42514821736379427,Medium Risk
1,0,0.3798041646749284,Medium Risk
0,0,0.00502992616015189,Low Risk
0,0,0.40173598380451275,Medium Risk
0,0,0.008031373722528674,Low Risk
0,0,0.3146771559223849,Medium Risk
0,0,0.0989711024066717,Low Risk
0,0,0.015664928773122602,Low Risk
0,1,0.7086019136734053,High Risk
0,0,0.3439986794822071,Medium Risk
0,1,0.7416612876867942,High Risk
1,1,0.8351704989738777,High Risk
0,0,0.01107541628859285,Low Risk
1,1,0.7454774077721584,High Risk
0,1,0.6669108686838978,Medium Risk
0,0,0.022484393364611263,Low Risk
0,0,0.012206596207500895,Low Risk
0,0,0.04209328532859072,Low Risk
1,1,0.9825397893760426,High Risk
0,0,0.02165433516714075,Low Risk
0,0,0.029669541188549114,Low Risk
1,1,0.9096851327321965,High Risk
0,0,0.04659620211659208,Low Risk
1,1,0.6608262915043032,Medium Risk
0,0,0.3761200089603869,Medium Risk
1,1,0.6975311194509753,Medium Risk
0,0,0.0826555410081962,Low Risk
1,0,0.305773942377339,Medium Risk
1,1,0.6482019156590701,Medium Risk
0,0,0.12353298928450898,Low Risk
0,0,0.24310720626164176,Low Risk
0,0,0.0353364607284579,Low Risk
0,1,0.6480790642085545,Medium Risk
0,0,0.019877885792554194,Low Risk
0,0,0.16754960756029974,Low Risk
0,0,0.008862662353066781,Low Risk
1,1,0.694880533058462,Medium Risk
0,0,0.054328586139735735,Low Risk
0,0,0.11603679615191552,Low Risk
0,1,0.7274199876155814,High Risk
0,0,0.04609215856791442,Low Risk
0,0,0.0023852632176156238,Low Risk
0,0,0.06369366228124997,Low Risk
0,0,0.10645510459613144,Low Risk
1,0,0.38649110684739985,Medium Risk
0,1,0.602127612840632,Medium Risk
0,0,0.4445934630147835,Medium Risk
0,0,0.03347296760528779,Low Risk
0,1,0.6449501560009142,Medium Risk
0,0,0.1041456718270604,Low Risk
0,1,0.7290358232152891,High Risk
1,1,0.9474895228848413,High Risk
0,0,0.374440161565749,Medium Risk
0,1,0.6909992289668299,Medium Risk
1,1,0.6065601590797136,Medium Risk
1,1,0.8018518767897238,High Risk
1,1,0.62128597632422,Medium Risk
0,0,0.036537826734529294,Low Risk
0,0,0.09481282360870132,Low Risk
0,0,0.001289471448193926,Low Risk
0,0,0.002339770158876461,Low Risk
0,0,0.1268378001995236,Low Risk
1,0,0.24632145687953946,Low Risk
0,0,0.03471908275221945,Low Risk
1,0,0.3162525035033335,Medium Risk
0,0,0.05436266831706718,Low Risk
0,0,0.2386954160703756,Low Risk
0,1,0.6785843382238416,Medium Risk
1,1,0.9808912351153144,High Risk
0,0,0.26332745490902465,Low Risk
1,1,0.5242757975464241,Medium Risk
0,1,0.697812515000374,Medium Risk
0,1,0.641942632573153,Medium Risk
0,0,0.0026385842486644387,Low Risk
0,0,0.005744113173070382,Low Risk
0,0,0.47309554193533415,Medium Risk
0,0,0.13140119278648693,Low Risk
1,1,0.7997100971382108,High Risk
0,1,0.5041818564717321,Medium Risk
1,1,0.829675765726751,High Risk
1,1,0.5969919799521444,Medium Risk
0,0,0.004431098827807191,Low Risk
0,0,0.2968451988338032,Low Risk
0,0,0.0695282968817431,Low Risk
1,1,0.6878604489961135,Medium Risk
0,0,0.3382290303059995,Medium Risk
0,0,0.023699560642155892,Low Risk
0,0,0.07594661736740342,Low Risk
0,1,0.6215540406028225,Medium Risk
1,1,0.7837599720930701,High Risk
0,0,0.00605771047319442,Low Risk
0,1,0.6301754441592006,Medium Risk
0,0,0.2942148677475316,Low Risk
0,1,0.544439232171793,Medium Risk
0,0,0.2106393907615702,Low Risk
0,1,0.7647717146709762,High Risk
0,0,0.4038727450645391,Medium Risk
0,0,0.4634199796037181,Medium Risk
0,0,0.006347382982410848,Low Risk
0,0,0.054548201622089114,Low Risk
0,0,0.20950173919096662,Low Risk
0,0,0.1098133326475361,Low Risk
0,0,0.08155294332306691,Low Risk
0,0,0.1531729014279273,Low Risk
0,0,0.13934552977060716,Low Risk
0,1,0.6685069704309886,Medium Risk
0,0,0.0033700369834909847,Low Risk
1,0,0.13047561026208984,Low Risk
0,1,0.7987609822041666,High Risk
1,0,0.26196758477593335,Low Risk
0,0,0.006733345293025602,Low Risk
0,0,0.04805892130706318,Low Risk
0,1,0.6352549176137934,Medium Risk
0,0,0.032744185023314644,Low Risk
0,1,0.6064889811843802,Medium Risk
1,1,0.8533644404604847,High Risk
1,0,0.19387976999374076,Low Risk
0,0,0.3425953660345096,Medium Risk
0,0,0.21381809604692564,Low Risk
0,0,0.4212009254118209,Medium Risk
0,0,0.08466901790045799,Low Risk
0,1,0.9434827617843137,High Risk
0,0,0.19398807835858164,Low Risk
0,0,0.0054979766059538955,Low Risk
0,0,0.05741240055431577,Low Risk
1,1,0.8223919274184042,High Risk
0,1,0.8259137804886624,High Risk
0,0,0.30901861451510476,Medium Risk
1,1,0.7237234908672026,High Risk
0,1,0.541735605286142,Medium Risk
0,0,0.07778578159424075,Low Risk
1,1,0.9445794000798801,High Risk
1,1,0.9242007661123844,High Risk
1,0,0.20927492623968974,Low Risk
0,0,0.44889392466741573,Medium Risk
0,0,0.22833968070803817,Low Risk
0,1,0.6085515780388057,Medium Risk
1,1,0.7963136030721799,High Risk
1,1,0.7049713405829683,High Risk
0,0,0.049453110266326,Low Risk
0,0,0.1900296585881978,Low Risk
1,1,0.727200995736109,High Risk
1,1,0.8187798382723547,High Risk
1,1,0.9019106685466989,High Risk
0,0,0.03092823374268514,Low Risk
0,0,0.01649801630356485,Low Risk
0,1,0.6895663470253159,Medium Risk
0,0,0.005531825495211331,Low Risk
0,0,0.029372291992849995,Low Risk
0,0,0.0495937050114844,Low Risk
0,0,0.006851731728274908,Low Risk
1,1,0.5766323905824199,Medium Risk
0,0,0.005321293428762339,Low Risk
0,0,0.08789560890368024,Low Risk
0,0,0.3866446743244583,Medium Risk
0,0,0.41139601369466794,Medium Risk
0,1,0.7990639458887026,High Risk
0,1,0.5405117951896865,Medium Risk
0,0,0.07877130100387238,Low Risk
0,0,0.005517872507830373,Low Risk
0,0,0.23474613510704662,Low Risk
1,1,0.8640339540780327,High Risk
1,0,0.15164385165490826,Low Risk
1,1,0.6473508967516612,Medium Risk
0,0,0.09728704751199169,Low Risk
0,1,0.5336225709818818,Medium Risk
0,1,0.75543701162466,High Risk
0,1,0.5980668872668683,Medium Risk
0,0,0.013302002851114414,Low Risk
0,1,0.5815259289559275,Medium Risk
0,0,0.18261697296057983,Low Risk
0,0,0.010264974318679867,Low Risk
0,1,0.8473714925665543,High Risk
1,1,0.9568307910608548,High Risk
0,1,0.6104460071713691,Medium Risk
1,1,0.9363694833818688,High Risk
0,0,0.1792571279145982,Low Risk
0,1,0.7642576841030461,High Risk
0,0,0.27643601221610864,Low Risk
0,1,0.6076859687227216,Medium Risk
0,0,0.02494705380480863,Low Risk
0,1,0.6260636059754372,Medium Risk
1,1,0.8322286111853003,High Risk
1,1,0.541589422911159,Medium Risk
0,0,0.050815242762097985,Low Risk
1,1,0.8557643193870405,High Risk
0,0,0.0050159627789781065,Low Risk
0,1,0.6976451747168594,Medium Risk
0,0,0.17470986154995863,Low Risk
0,0,0.0046980772039857885,Low Risk
0,0,0.0938825619770509,Low Risk
0,0,0.09316157029570253,Low Risk
0,0,0.2792599297546335,Low Risk
0,1,0.5389661714910555,Medium Risk
1,0,0.04937079344009542,Low Risk
0,0,0.037720722424554834,Low Risk
0,0,0.05973623549178003,Low Risk
0,0,0.0024664441691988207,Low Risk
1,0,0.3082181159627865,Medium Risk
0,1,0.7430857476739317,High Risk
0,0,0.07005679292310674,Low Risk
1,1,0.754423945600853,High Risk
0,0,0.29024180514066994,Low Risk
0,0,0.10185687079718628,Low Risk
0,0,0.12152925938615215,Low Risk
0,0,0.2006127333789586,Low Risk
0,0,0.11290739293969251,Low Risk
0,1,0.8299210665170933,High Risk
0,1,0.6473217123109669,Medium Risk
0,0,0.054431265981697174,Low Risk
0,0,0.10259677592549118,Low Risk
0,0,0.056014099073838045,Low Risk
0,0,0.031230042388592054,Low Risk
0,0,0.22143745249432023,Low Risk
0,0,0.11353426913451277,Low Risk
1,1,0.7218649359322508,High Risk
1,1,0.8071156979768442,High Risk
0,1,0.5047141651322691,Medium Risk
0,1,0.780233936691875,High Risk
1,1,0.7715798839216369,High Risk
0,0,0.1677302830317252,Low Risk
0,1,0.6798448228953939,Medium Risk
0,0,0.029593902884052035,Low Risk
1,0,0.4946933085106723,Medium Risk
0,1,0.8140074991582996,High Risk
0,0,0.03488703506082972,Low Risk
0,0,0.033833212366405095,Low Risk
0,0,0.295445699131682,Low Risk
1,0,0.18001130335137325,Low Risk
0,0,0.05774783037067478,Low Risk
0,0,0.07400074225811036,Low Risk
0,0,0.0020507086753705343,Low Risk
0,0,0.004245473380296953,Low Risk
1,1,0.7742709649248926,High Risk
0,0,0.34797398074271146,Medium Risk
0,0,0.0011836603862355687,Low Risk
0,0,0.0199951791356554,Low Risk
0,0,0.003036771846763483,Low Risk
1,1,0.972566868208833,High Risk
0,0,0.06905874946433985,Low Risk
1,1,0.6008384560567892,Medium Risk
1,1,0.9563983030281842,High Risk
1,0,0.09304764271413454,Low Risk
0,0,0.007626946806251436,Low Risk
1,1,0.7206425178992794,High Risk
0,0,0.15600223768056412,Low Risk
1,1,0.6395410680631433,Medium Risk
0,0,0.1139676390674253,Low Risk
1,0,0.24111334280217586,Low Risk
0,0,0.17030552812452082,Low Risk
0,0,0.16390619318495855,Low Risk
0,0,0.002023165391599825,Low Risk
0,0,0.49001184879952736,Medium Risk
0,0,0.184820332035351,Low Risk
0,1,0.5306968903899522,Medium Risk
0,0,0.09866981611163617,Low Risk
1,1,0.7327440864101562,High Risk
1,1,0.8554133687571911,High Risk
0,0,0.010962304553510565,Low Risk
0,0,0.10045866883826259,Low Risk
0,0,0.11718922997081967,Low Risk
0,0,0.22884175736353937,Low Risk
1,0,0.38659960410543925,Medium Risk
0,0,0.4697319000567792,Medium Risk
0,0,0.11598583551075684,Low Risk
0,0,0.018890501706196113,Low Risk
0,1,0.7712435452229516,High Risk
1,1,0.8240407812212175,High Risk
0,1,0.8108387814477387,High Risk
0,1,0.5421639005320067,Medium Risk
0,1,0.5220350138057515,Medium Risk
1,0,0.18203322714762243,Low Risk
0,0,0.28548463334708635,Low Risk
0,0,0.1173248231445443,Low Risk
0,1,0.6220032280113399,Medium Risk
1,0,0.31417710287742345,Medium Risk
0,0,0.015205670832588905,Low Risk
0,0,0.2196463245988524,Low Risk
0,1,0.6219363034524888,Medium Risk
0,0,0.0060006331066551,Low Risk
0,1,0.8665947362146255,High Risk
1,0,0.43446870228663376,Medium Risk
0,0,0.3685536512041621,Medium Risk
1,1,0.6807042376118837,Medium Risk
1,1,0.7595463016828344,High Risk
0,0,0.012119121926960246,Low Risk
1,1,0.8718796246144743,High Risk
0,0,0.015125467014450972,Low Risk
0,0,0.10353455514177942,Low Risk
0,1,0.60938843202551,Medium Risk
0,0,0.00996166827004195,Low Risk
0,0,0.04953751179209616,Low Risk
0,0,0.040082042660130324,Low Risk
0,0,0.008177480318722844,Low Risk
0,0,0.13787919878043883,Low Risk
0,0,0.005075846909898074,Low Risk
1,1,0.8309074570081131,High Risk
0,0,0.006074827627506811,Low Risk
0,1,0.6361379197758644,Medium Risk
0,0,0.370082822368569,Medium Risk
0,0,0.26745059572787666,Low Risk
0,0,0.012872164102998369,Low Risk
0,0,0.3082645417732368,Medium Risk
1,0,0.052893135966668704,Low Risk
0,1,0.6861695167494002,Medium Risk
1,1,0.820426244629426,High Risk
0,0,0.013964311781380382,Low Risk
1,0,0.48251976796279644,Medium Risk
1,1,0.7988096887756669,High Risk
1,1,0.8477479651617676,High Risk
1,1,0.7398225860659082,High Risk
0,0,0.12005313546898341,Low Risk
0,0,0.33937410043752897,Medium Risk
0,1,0.6008482479326739,Medium Risk
1,1,0.8844129996379471,High Risk
1,0,0.04207464548064092,Low Risk
1,1,0.5166642139134743,Medium Risk
0,0,0.12204145983638194,Low Risk
0,0,0.22766749266413897,Low Risk
0,1,0.5258535529943628,Medium Risk
1,0,0.09875142251195031,Low Risk
0,0,0.011367078101286517,Low Risk
0,1,0.6282812787187928,Medium Risk
0,1,0.7281621916506115,High Risk
0,1,0.8001910912320942,High Risk
0,0,0.0038745285019702383,Low Risk
0,0,0.01014309771662451,Low Risk
0,0,0.003384093901886954,Low Risk
0,1,0.5799329726079047,Medium Risk
0,0,0.07814845702895044,Low Risk
0,0,0.11210637475729682,Low Risk
0,0,0.028701560139717596,Low Risk
1,1,0.9394252604971061,High Risk
0,0,0.10326981195306902,Low Risk
0,0,0.10266629979654536,Low Risk
0,0,0.32284105172245664,Medium Risk
0,0,0.316843515003345,Medium Risk
0,0,0.20533004096852767,Low Risk
1,1,0.6649351196236521,Medium Risk
0,0,0.16538907189323526,Low Risk
0,0,0.2812058027348593,Low Risk
1,0,0.30681744757362844,Medium Risk
0,0,0.4931443524437524,Medium Risk
0,0,0.2715564019237971,Low Risk
0,0,0.1318141344831325,Low Risk
0,0,0.45843142801153125,Medium Risk
0,1,0.7329768278003477,High Risk
0,1,0.8361990898965607,High Risk
0,0,0.07095436244399168,Low Risk
0,0,0.3266328858795759,Medium Risk
0,0,0.2855885147176656,Low Risk
0,1,0.9226653149747085,High Risk
0,0,0.0028115274343972906,Low Risk
1,1,0.5658124872666763,Medium Risk
0,0,0.009145448835714746,Low Risk
0,0,0.013876361481521425,Low Risk
1,0,0.36136067709433933,Medium Risk
0,0,0.004676125486736511,Low Risk
1,0,0.27311976340410776,Low Risk
0,0,0.42894034795873004,Medium Risk
0,0,0.00424088416764325,Low Risk
0,0,0.0026154885368954873,Low Risk
0,0,0.21549489091168222,Low Risk
0,0,0.13313032880861414,Low Risk
0,0,0.3403468257449963,Medium Risk
0,0,0.09773313314782969,Low Risk
0,0,0.026271925467057856,Low Risk
1,0,0.2506288816994944,Low Risk
0,0,0.38080724766185114,Medium Risk
0,0,0.10621945692908666,Low Risk
0,0,0.09731068559656697,Low Risk
0,0,0.17181107417582916,Low Risk
0,0,0.0017812861612618825,Low Risk
0,0,0.3867861809312007,Medium Risk
0,1,0.5004813526510933,Medium Risk
1,1,0.6192753794819525,Medium Risk
1,1,0.6889459524757893,Medium Risk
0,1,0.7073021477594938,High Risk
0,1,0.7434127611918754,High Risk
0,0,0.00396976973873623,Low Risk
1,0,0.35792673836681527,Medium Risk
0,1,0.6947933091821892,Medium Risk
0,0,0.019496706892143646,Low Risk
0,0,0.040803233196953295,Low Risk
0,0,0.004796991937758386,Low Risk
1,1,0.8370196639635701,High Risk
0,0,0.18033314691698318,Low Risk
0,1,0.6798719416529249,Medium Risk
0,1,0.6661676200152398,Medium Risk
0,0,0.31387646846906075,Medium Risk
0,1,0.8388885370469001,High Risk
0,0,0.017967462362309995,Low Risk
0,1,0.7861817466198927,High Risk
0,0,0.2933494672339101,Low Risk
1,0,0.480469560119733,Medium Risk
0,0,0.033658990448969625,Low Risk
0,1,0.730578174865641,High Risk
0,0,0.025747040542541403,Low Risk
0,0,0.2806256946648,Low Risk
0,1,0.7631721557757263,High Risk
0,0,0.0023540751041766284,Low Risk
0,0,0.23393201688879667,Low Risk
0,0,0.0145016647454169,Low Risk
0,0,0.17345835186670683,Low Risk
0,0,0.08253672940458012,Low Risk
1,1,0.6859446665264496,Medium Risk
0,0,0.06335026375499918,Low Risk
1,1,0.9288838881555938,High Risk
1,0,0.25807921744172685,Low Risk
0,0,0.20056600449292844,Low Risk
0,0,0.1072835555238387,Low Risk
1,1,0.775320901932594,High Risk
0,0,0.10999023525311678,Low Risk
0,0,0.1290853404751811,Low Risk
0,1,0.5250674801909808,Medium Risk
0,1,0.668318123551376,Medium Risk
0,0,0.22413410897519898,Low Risk
0,0,0.2343928728130497,Low Risk
0,0,0.1447539124356912,Low Risk
0,0,0.23966516692259932,Low Risk
1,1,0.7438824505155434,High Risk
1,0,0.30480787408587234,Medium Risk
1,1,0.5802656405976186,Medium Risk
0,0,0.21233278688131965,Low Risk
0,1,0.6260454955928824,Medium Risk
0,0,0.3003624940563944,Medium Risk
0,0,0.0015952666038809048,Low Risk
0,1,0.6311328025137007,Medium Risk
0,0,0.0496185953416062,Low Risk
0,0,0.42513901413782784,Medium Risk
1,1,0.9274807146998837,High Risk
1,0,0.07814726264130756,Low Risk
0,0,0.4067331026711987,Medium Risk
0,0,0.10112610797496004,Low Risk
0,0,0.011780226209243985,Low Risk
1,1,0.7263987576898034,High Risk
1,1,0.6218137178308205,Medium Risk
1,1,0.568818821930728,Medium Risk
0,0,0.12953629832733599,Low Risk
1,1,0.9733857654795631,High Risk
0,0,0.3189400427862528,Medium Risk
1,1,0.6620237647578388,Medium Risk
0,0,0.05807996578989706,Low Risk
0,0,0.07699489859150717,Low Risk
0,0,0.05938851165235308,Low Risk
0,1,0.8229906683431165,High Risk
0,0,0.0010666564134919627,Low Risk
1,0,0.04366702042205032,Low Risk
0,0,0.042319971651058254,Low Risk
0,1,0.667995146887496,Medium Risk
0,0,0.12252113946707674,Low Risk
0,0,0.02373034336207141,Low Risk
0,1,0.7843650041270103,High Risk
1,1,0.8569663816060518,High Risk
1,1,0.7610008197393657,High Risk
0,0,0.22372387066747773,Low Risk
0,1,0.749805725173037,High Risk
0,0,0.1208525312860608,Low Risk
1,1,0.525092191274452,Medium Risk
1,0,0.44813659962178487,Medium Risk
0,0,0.11583214338148211,Low Risk
0,0,0.2940125592180442,Low Risk
0,1,0.5110071293143279,Medium Risk
1,1,0.9216965761298173,High Risk
1,1,0.8650714138689436,High Risk
1,1,0.8806814685301975,High Risk
1,1,0.7600707182155547,High Risk
0,0,0.056543830035589424,Low Risk
0,1,0.6323346906022955,Medium Risk
1,1,0.8609469555324368,High Risk
1,1,0.8294051122005554,High Risk
0,0,0.005890983803994349,Low Risk
1,1,0.6155890863984953,Medium Risk
0,0,0.12012353343580931,Low Risk
0,0,0.14067768702042205,Low Risk
0,0,0.0027462028448052367,Low Risk
0,0,0.0879737188411976,Low Risk
0,0,0.011620070686106482,Low Risk
0,1,0.7850912340434917,High Risk
0,0,0.0032922356214469795,Low Risk
0,0,0.002737349400762436,Low Risk
0,0,0.07793692353357021,Low Risk
0,0,0.1564458881253892,Low Risk
1,1,0.8752153158047702,High Risk
0,0,0.20744619290941071,Low Risk
0,0,0.05541535190951296,Low Risk
1,1,0.6660094206529926,Medium Risk
0,0,0.19676127821502576,Low Risk
0,1,0.7217533848077659,High Risk
0,0,0.3356489595555052,Medium Risk
1,1,0.9236926284917838,High Risk
1,1,0.9167550943171188,High Risk
0,0,0.30277032907626494,Medium Risk
0,0,0.0025095039731414786,Low Risk
0,0,0.011260567098961605,Low Risk
1,0,0.4578120092796603,Medium Risk
0,0,0.116266148343095,Low Risk
0,0,0.2978234426860434,Low Risk
1,1,0.788552782700875,High Risk
0,0,0.04322874871477734,Low Risk
1,1,0.906318351916292,High Risk
0,1,0.9260802877291482,High Risk
0,0,0.0042328955396995615,Low Risk
1,0,0.21428606612633588,Low Risk
1,0,0.2643514087117136,Low Risk
0,0,0.4455303920258241,Medium Risk
0,0,0.022602900030096223,Low Risk
0,0,0.16905973809233754,Low Risk
0,0,0.11581276581936757,Low Risk
0,0,0.08312864491752082,Low Risk
1,0,0.3906224123651515,Medium Risk
0,0,0.14259518378687688,Low Risk
0,0,0.1259940135175895,Low Risk
0,0,0.0058819244824655295,Low Risk
0,0,0.006435727297352193,Low Risk
1,1,0.9926038111116543,High Risk
1,1,0.551872378567457,Medium Risk
0,0,0.09633161702387615,Low Risk
1,1,0.8455676733756492,High Risk
1,1,0.811230257973253,High Risk
0,0,0.0029996634350622853,Low Risk
0,0,0.05544463659812237,Low Risk
1,0,0.4008630282798801,Medium Risk
0,0,0.007235053922914308,Low Risk
1,1,0.9577019717126738,High Risk
1,0,0.47384839636905735,Medium Risk
0,1,0.9466589791613191,High Risk
1,1,0.8821748729910812,High Risk
0,0,0.018945210406721907,Low Risk
1,0,0.47526771192225814,Medium Risk
0,0,0.029376799252806122,Low Risk
0,1,0.927000614766566,High Risk
0,0,0.3469454693824898,Medium Risk
0,0,0.06580539302951686,Low Risk
0,0,0.008829946142632059,Low Risk
1,0,0.10045230542553825,Low Risk
0,1,0.6054964643607893,Medium Risk
0,0,0.012074311483364186,Low Risk
0,1,0.7584558955631533,High Risk
0,0,0.023798052595006412,Low Risk
0,0,0.07641863801584546,Low Risk
0,0,0.021041500409078442,Low Risk
0,1,0.6240269422305806,Medium Risk
0,0,0.3162689286694718,Medium Risk
1,1,0.944066833860274,High Risk
1,1,0.8208376665241993,High Risk
1,0,0.07113403739128131,Low Risk
1,0,0.4206008685230108,Medium Risk
0,0,0.47661719941178887,Medium Risk
1,0,0.06929747094230308,Low Risk
1,1,0.865304939152071,High Risk
1,1,0.9359583177714809,High Risk
0,0,0.002381749853596192,Low Risk
0,0,0.07306277998852717,Low Risk
0,0,0.11635947699354093,Low Risk
0,1,0.5439749189541591,Medium Risk
0,0,0.0019617105421901398,Low Risk
0,0,0.08710631590575167,Low Risk
0,0,0.0593731691238502,Low Risk
0,0,0.002089116916570307,Low Risk
0,1,0.8765499457111977,High Risk
0,0,0.0024649031342046895,Low Risk
0,0,0.25444850794190466,Low Risk
0,1,0.7233474675382456,High Risk
0,0,0.07846214460178198,Low Risk
0,1,0.6728192961274937,Medium Risk
0,0,0.18872671238427743,Low Risk
0,1,0.7276636263379891,High Risk
0,0,0.22263036705540873,Low Risk
0,0,0.22107359110837996,Low Risk
0,0,0.1314980272663045,Low Risk
1,1,0.726700709190669,High Risk
0,0,0.07797637541914301,Low Risk
0,0,0.013840166646193794,Low Risk
1,0,0.37452676049322725,Medium Risk
1,1,0.7840936860265747,High Risk
1,0,0.08722247505699739,Low Risk
0,0,0.0037649289377118156,Low Risk
0,0,0.1609640617266008,Low Risk
0,0,0.1321361831276329,Low Risk
0,0,0.10166066946020402,Low Risk
0,1,0.741190767266635,High Risk
1,1,0.8613068706500008,High Risk
0,1,0.7736850056055623,High Risk
1,0,0.003955962761138371,Low Risk
0,1,0.6632131156531339,Medium Risk
0,1,0.6433832077080985,Medium Risk
0,0,0.09364748738591709,Low Risk
0,0,0.09050823481563428,Low Risk
0,0,0.07439669955515213,Low Risk
1,1,0.8994921057031731,High Risk
0,0,0.027182519456500524,Low Risk
1,0,0.28106267662953816,Low Risk
0,0,0.04337307261379181,Low Risk
0,0,0.07319694435386016,Low Risk
0,0,0.037380333786851475,Low Risk
0,0,0.2309494949155368,Low Risk
0,1,0.6489259470555293,Medium Risk
0,0,0.040869974364052146,Low Risk
0,0,0.023511056762837098,Low Risk
0,0,0.007588886817090763,Low Risk
0,0,0.11572690064541549,Low Risk
0,0,0.012692670004728875,Low Risk
0,1,0.5328878910896406,Medium Risk
1,1,0.8208029635297541,High Risk
0,0,0.0022430888087644854,Low Risk
0,0,0.010488494422577455,Low Risk
1,1,0.9722945626264105,High Risk
0,1,0.8216073529468712,High Risk
0,1,0.7359473608786041,High Risk
1,1,0.8651424233710451,High Risk
1,1,0.708137608311519,High Risk
0,0,0.11155345902970211,Low Risk
0,0,0.4836337961568285,Medium Risk
1,0,0.26377361281689254,Low Risk
0,1,0.6773867783172836,Medium Risk
0,0,0.035134577720630035,Low Risk
0,0,0.013655245682259893,Low Risk
0,0,0.01766399615284716,Low Risk
0,0,0.07484438673219959,Low Risk
0,1,0.7742361121173178,High Risk
0,0,0.15762030921265763,Low Risk
0,1,0.6202196607971112,Medium Risk
0,1,0.8147730105965626,High Risk
0,0,0.02046850232159544,Low Risk
1,1,0.9126492127372346,High Risk
1,1,0.771492521555789,High Risk
0,0,0.37217777962075627,Medium Risk
1,0,0.4498155864694478,Medium Risk
0,0,0.06740984445985963,Low Risk
0,1,0.9835392211527395,High Risk
0,1,0.7872378901046845,High Risk
1,1,0.8006170573729772,High Risk
0,0,0.2098091946910338,Low Risk
0,0,0.42498165758686335,Medium Risk
0,0,0.013482440467045555,Low Risk
0,0,0.025112395661937847,Low Risk
1,1,0.972566868208833,High Risk
0,0,0.3295584491043704,Medium Risk
0,0,0.44451960665365886,Medium Risk
1,1,0.8271610574008654,High Risk
1,0,0.3061308436077092,Medium Risk
1,0,0.14607484174738294,Low Risk
0,1,0.9604061425412715,High Risk
0,0,0.003005297065415851,Low Risk
0,0,0.024396199669180985,Low Risk
1,1,0.8870003100868593,High Risk
0,0,0.013720752599652037,Low Risk
0,0,0.06015300778518536,Low Risk
0,0,0.01852434040839919,Low Risk
0,0,0.489464897869569,Medium Risk
0,0,0.013401549753061993,Low Risk
0,0,0.021415491356372773,Low Risk
0,0,0.28898333506515134,Low Risk
1,0,0.07405215312515996,Low Risk
1,1,0.7350952141881907,High Risk
0,0,0.021581622469840286,Low Risk
0,1,0.7064002703292214,High Risk
0,0,0.0908770534317402,Low Risk
1,1,0.9326782175455718,High Risk
0,1,0.6267670423561063,Medium Risk
0,1,0.7202633951348415,High Risk
0,0,0.4120159119558261,Medium Risk
0,0,0.4277312732022386,Medium Risk
0,0,0.05979447014475921,Low Risk
0,0,0.0817408947406517,Low Risk
0,0,0.018822807913089008,Low Risk
0,1,0.6931624745919274,Medium Risk
1,1,0.9833160563538518,High Risk
0,0,0.0842930848100399,Low Risk
0,1,0.6190165161926343,Medium Risk
1,1,0.8268108234207789,High Risk
0,1,0.609699978277665,Medium Risk
1,1,0.5142931135026005,Medium Risk
0,0,0.22630173851483767,Low Risk
0,0,0.12308272561693354,Low Risk
0,0,0.003661443897290504,Low Risk
0,0,0.2161569463310755,Low Risk
0,0,0.05317524232185204,Low Risk
0,0,0.0736704957968517,Low Risk
1,1,0.571812770996542,Medium Risk
0,0,0.04404504697465829,Low Risk
0,0,0.010972384911508388,Low Risk
0,0,0.4382784906697346,Medium Risk
0,0,0.2505756897629941,Low Risk
1,1,0.9396531743314605,High Risk
0,0,0.2597757976806353,Low Risk
0,0,0.25026244066717435,Low Risk
0,0,0.11021181946579067,Low Risk
0,0,0.10413907691328468,Low Risk
0,0,0.0013160672742286677,Low Risk
1,1,0.8535425571121439,High Risk
0,0,0.02342205212356867,Low Risk
1,0,0.024854223996785097,Low Risk
1,1,0.8362208798553261,High Risk
0,1,0.7747813199191101,High Risk
1,1,0.5524713187158637,Medium Risk
0,0,0.003976970200994104,Low Risk
0,1,0.5688036654852018,Medium Risk
0,0,0.0032289747050727653,Low Risk
0,0,0.3489908994146717,Medium Risk
0,0,0.08084575563075652,Low Risk
0,0,0.004435320249927771,Low Risk
0,0,0.4729288240576955,Medium Risk
0,0,0.1723138500228239,Low Risk
0,0,0.01960764203326217,Low Risk
0,1,0.75158366608824,High Risk
0,0,0.30866119983448964,Medium Risk
0,0,0.0836311701028734,Low Risk
0,0,0.002578195197768649,Low Risk
1,1,0.9669159019269132,High Risk
0,1,0.9195195802873894,High Risk
0,0,0.00950693806008904,Low Risk
1,1,0.956089742322481,High Risk
0,1,0.7995173018326007,High Risk
1,1,0.5054441769924899,Medium Risk
0,0,0.01358588559342142,Low Risk
0,1,0.5195640624634241,Medium Risk
0,0,0.28211638684211676,Low Risk
0,0,0.15140048520365557,Low Risk
0,0,0.0861145125401138,Low Risk
0,0,0.001791190689767088,Low Risk
0,0,0.20017535602147102,Low Risk
1,1,0.8065636713817647,High Risk
0,0,0.008165718553478965,Low Risk
1,1,0.9066871712214973,High Risk
1,0,0.17685254019349284,Low Risk
1,1,0.8659312786408428,High Risk
0,0,0.42314017860086156,Medium Risk
0,0,0.07257009139478764,Low Risk
1,1,0.8494059193555002,High Risk
0,0,0.24539382301044618,Low Risk
0,0,0.09395125290399506,Low Risk
0,0,0.10558107756277105,Low Risk
0,0,0.005523924449356533,Low Risk
0,0,0.009219616261332783,Low Risk
0,1,0.7548581387646892,High Risk
0,0,0.05841400995644599,Low Risk
1,0,0.04738872771170943,Low Risk
0,0,0.3573639745410432,Medium Risk
0,0,0.11877031418552973,Low Risk
1,0,0.38197908563914934,Medium Risk
0,0,0.0070424389924534075,Low Risk
0,0,0.024030502158170597,Low Risk
1,1,0.7904645442776143,High Risk
0,0,0.036864605909953795,Low Risk
1,0,0.07055707915069583,Low Risk
0,0,0.007130451726868518,Low Risk
0,0,0.08197089250335904,Low Risk
0,1,0.6300187329333371,Medium Risk
0,0,0.14975870753383924,Low Risk
1,1,0.7473601355112629,High Risk
0,1,0.551872378567457,Medium Risk
1,1,0.7596116608604819,High Risk
0,0,0.3317121929051822,Medium Risk
0,0,0.35551200785196163,Medium Risk
0,0,0.037526388169727934,Low Risk
1,0,0.4293588295636507,Medium Risk
0,0,0.051207875181711195,Low Risk
0,0,0.008657186570080248,Low Risk
0,1,0.5434288926041834,Medium Risk
0,1,0.5598369310524354,Medium Risk
1,0,0.43455313964356707,Medium Risk
0,1,0.5389530317887828,Medium Risk
0,0,0.09606997346179791,Low Risk
0,0,0.17278396874337162,Low Risk
0,0,0.004483747514479013,Low Risk
0,0,0.45307127421478344,Medium Risk
0,0,0.33252272580824155,Medium Risk
1,1,0.9754103850174862,High Risk
0,0,0.30883611968982844,Medium Risk
1,0,0.3541384070927975,Medium Risk
1,0,0.10518986620074139,Low Risk
0,0,0.43709026170505444,Medium Risk
0,0,0.33630948789437826,Medium Risk
0,0,0.48286299631488827,Medium Risk
0,0,0.020648329007043442,Low Risk
1,1,0.8506339908443672,High Risk
0,1,0.8536481634736087,High Risk
1,1,0.6571231050858489,Medium Risk
0,0,0.03839954962103962,Low Risk
0,1,0.6193182098665911,Medium Risk
0,0,0.05507526732716559,Low Risk
0,0,0.060284683263686675,Low Risk
0,0,0.38526721504577977,Medium Risk
0,1,0.6416729487508012,Medium Risk
0,1,0.9576827646276654,High Risk
1,0,0.4513461412679215,Medium Risk
0,0,0.2476697289581724,Low Risk
0,0,0.3484449755308674,Medium Risk
0,0,0.2975371861487248,Low Risk
1,1,0.6667406477287273,Medium Risk
0,0,0.01694741867522901,Low Risk
1,0,0.49030190643327437,Medium Risk
0,0,0.003842838807499895,Low Risk
0,1,0.7144992639234158,High Risk
0,0,0.2369208323730633,Low Risk
0,1,0.953966592540473,High Risk
0,0,0.028879533018119727,Low Risk
0,0,0.10944258367564058,Low Risk
0,0,0.3716272827287474,Medium Risk
1,1,0.847061339836709,High Risk
0,0,0.002894899306596123,Low Risk
0,1,0.6408300785798071,Medium Risk
1,1,0.7645045400582141,High Risk
1,0,0.45770292766943166,Medium Risk
0,0,0.13003505876542001,Low Risk
1,0,0.25154987750516294,Low Risk
1,1,0.9238611307767711,High Risk
0,0,0.00532612605768443,Low Risk
0,1,0.6179470612129773,Medium Risk
1,1,0.7855491611901128,High Risk
0,0,0.012303147497881637,Low Risk
0,0,0.1512236582160184,Low Risk
0,0,0.4426484682943384,Medium Risk
0,0,0.19853144288244412,Low Risk
0,0,0.12196540140153808,Low Risk
0,1,0.6209143712375124,Medium Risk
1,1,0.7685728980916444,High Risk
0,0,0.09982602422870915,Low Risk
1,0,0.05458566450587059,Low Risk
0,0,0.0061303007821338065,Low Risk
1,1,0.7845347482516084,High Risk
0,0,0.004714039452572087,Low Risk
0,0,0.39889436636773046,Medium Risk
0,1,0.6785977579207054,Medium Risk
0,1,0.5323247036552007,Medium Risk
0,0,0.06159409351462074,Low Risk
1,0,0.05488136933465538,Low Risk
0,0,0.08387248211684561,Low Risk
0,0,0.09075312309434544,Low Risk
0,0,0.017496432264577352,Low Risk
0,1,0.6644662708706448,Medium Risk
0,1,0.5541191246853471,Medium Risk
0,0,0.010695852396843604,Low Risk
0,1,0.5980301026900596,Medium Risk
0,0,0.006967478621240192,Low Risk
1,1,0.9892946371290965,High Risk
0,0,0.06000326656085201,Low Risk
0,0,0.06637994380988652,Low Risk
0,1,0.8768329822419072,High Risk
0,0,0.004071929361266519,Low Risk
0,0,0.45054951788342557,Medium Risk
0,0,0.31195735843128863,Medium Risk
1,1,0.9412062417329711,High Risk
1,1,0.8511680521341618,High Risk
1,1,0.7860660114347787,High Risk
1,1,0.7880931307966464,High Risk
1,0,0.043590778397408374,Low Risk
0,1,0.9282437964629474,High Risk
0,0,0.014598599346496894,Low Risk
1,1,0.8177442612438374,High Risk
0,0,0.014632743702310264,Low Risk
0,0,0.3580978759468808,Medium Risk
0,1,0.6434336725434663,Medium Risk
1,1,0.8130154046466006,High Risk
0,0,0.24727546460475078,Low Risk
1,1,0.7717994918743646,High Risk
0,0,0.03092441610916243,Low Risk
1,1,0.5884364006520035,Medium Risk
0,0,0.12229767917144083,Low Risk
0,0,0.0034272325989002455,Low Risk
0,0,0.011777294880319108,Low Risk
1,1,0.7850295616115812,High Risk
0,0,0.3344677493362421,Medium Risk
0,0,0.005937310678248986,Low Risk
0,0,0.006340229292999506,Low Risk
0,0,0.017979551049734227,Low Risk
0,0,0.3816557605313495,Medium Risk
0,1,0.5972383327160499,Medium Risk
0,1,0.8978600537739844,High Risk
0,0,0.015190275702642864,Low Risk
0,0,0.3837610341980415,Medium Risk
0,1,0.6665902386840458,Medium Risk
0,0,0.29483194180693384,Low Risk
0,0,0.49550397970009263,Medium Risk
1,1,0.8132317982594579,High Risk
1,1,0.5733045498965719,Medium Risk
0,0,0.4670882356615443,Medium Risk
0,0,0.21434163405473414,Low Risk
0,0,0.0043332165457810904,Low Risk
0,0,0.0067489354374793385,Low Risk
0,0,0.16939907135922164,Low Risk
0,0,0.015387085325529416,Low Risk
1,1,0.8755607348173289,High Risk
0,0,0.3050182437852523,Medium Risk
0,1,0.5209546301988868,Medium Risk
0,0,0.10556697621900012,Low Risk
0,0,0.026867265582532374,Low Risk
1,0,0.28694631226894257,Low Risk
0,0,0.21660427133354443,Low Risk
0,1,0.6267182309919146,Medium Risk
0,1,0.9318534171765446,High Risk
1,1,0.5251262053267854,Medium Risk
1,1,0.6455435012093969,Medium Risk
0,0,0.0026306875675902995,Low Risk
0,1,0.6975646249562524,Medium Risk
0,0,0.22357072292463223,Low Risk
0,1,0.7135294621984355,High Risk
0,0,0.06097456521744566,Low Risk
0,0,0.03882659187885182,Low Risk
0,0,0.0899389264521905,Low Risk
1,0,0.4590501364487034,Medium Risk
0,0,0.02114771171864372,Low Risk
1,1,0.8877744858381245,High Risk
0,0,0.0022368610008639835,Low Risk
0,0,0.019967913292195744,Low Risk
0,0,0.42072741689508886,Medium Risk
0,0,0.053649331925511606,Low Risk
0,0,0.4549786093418701,Medium Risk
0,0,0.011901284326766402,Low Risk
0,0,0.2090405223645115,Low Risk
0,0,0.23339199272677114,Low Risk
0,0,0.058810282432048167,Low Risk
0,1,0.5221495693878968,Medium Risk
0,0,0.4438685835111608,Medium Risk
1,1,0.5405276461047325,Medium Risk
0,0,0.021225679913864988,Low Risk
0,0,0.001936567310397959,Low Risk
0,1,0.5859533812868271,Medium Risk
0,0,0.3855085608655138,Medium Risk
1,0,0.44451960665365886,Medium Risk
0,0,0.010739512968716943,Low Risk
0,0,0.0026854193808417874,Low Risk
0,1,0.6251116279809419,Medium Risk
0,0,0.10974623052533258,Low Risk
0,0,0.08270293362843219,Low Risk
0,0,0.012437548421546367,Low Risk
0,0,0.006255216143150587,Low Risk
0,0,0.33548970163676306,Medium Risk
0,0,0.4195428686979693,Medium Risk
1,1,0.9196583652205101,High Risk
0,0,0.46055896518536155,Medium Risk
0,0,0.20921649244630805,Low Risk
0,0,0.007814097006345931,Low Risk
0,0,0.1936394153311986,Low Risk
0,0,0.13316821327117778,Low Risk
1,1,0.7522779124664082,High Risk
0,0,0.1885899812353768,Low Risk
0,0,0.14903815592084602,Low Risk
0,0,0.0024296774269753673,Low Risk
0,0,0.021962245211962633,Low Risk
1,0,0.22962429168390242,Low Risk
0,0,0.05664621504704717,Low Risk
0,0,0.1236067782743812,Low Risk
0,1,0.8445024141796376,High Risk
1,1,0.541627641388149,Medium Risk
0,0,0.04889657915695417,Low Risk
0,0,0.05280555427014993,Low Risk
0,0,0.11387041223726649,Low Risk
0,1,0.8349391453029696,High Risk
0,0,0.02544137946225137,Low Risk
0,0,0.0031420468780848066,Low Risk
1,1,0.8180393310619084,High Risk
0,0,0.016655984165172957,Low Risk
1,1,0.8089827688232096,High Risk
0,0,0.007232567303791682,Low Risk
0,0,0.001310262367540331,Low Risk
1,1,0.7239039483702006,High Risk
0,0,0.06165195265835945,Low Risk
0,0,0.4201855047464843,Medium Risk
1,1,0.6582271857436088,Medium Risk
0,0,0.34666416021885366,Medium Risk
1,1,0.8642409940855063,High Risk
0,1,0.7714494039287018,High Risk
0,0,0.005181947911138815,Low Risk
0,0,0.02271474188680208,Low Risk
0,0,0.234588665490075,Low Risk
0,0,0.40792914404795966,Medium Risk
0,0,0.4288493587049147,Medium Risk
0,1,0.7242253956384869,High Risk
0,1,0.7358901856704588,High Risk
0,0,0.3286158379635526,Medium Risk
0,0,0.19547194959859357,Low Risk
0,0,0.1826424433624905,Low Risk
1,1,0.6890252427565824,Medium Risk
0,0,0.13010550264587223,Low Risk
0,0,0.31153420557782163,Medium Risk
0,0,0.16662207480110575,Low Risk
0,1,0.8396329543233856,High Risk
1,1,0.9188114245297175,High Risk
0,1,0.752523069990673,High Risk
0,1,0.6570646569188815,Medium Risk
0,0,0.0037554751593945317,Low Risk
0,0,0.004639300465638891,Low Risk
1,1,0.8887364383157095,High Risk
0,0,0.09525605932824706,Low Risk
1,1,0.9709190573153621,High Risk
0,0,0.46972849390948346,Medium Risk
0,1,0.8148588464418918,High Risk
1,1,0.8676508500514009,High Risk
0,1,0.6744292663811916,Medium Risk
0,0,0.11624846719491586,Low Risk
0,0,0.022094787809070628,Low Risk
0,1,0.6808726846626438,Medium Risk
0,0,0.04528571734353192,Low Risk
1,0,0.030526488286659423,Low Risk
1,0,0.028010462911681563,Low Risk
1,1,0.9436010534026241,High Risk
0,1,0.6844238505887779,Medium Risk
0,0,0.011878429364633007,Low Risk
0,1,0.5832891071748695,Medium Risk
0,0,0.09253419734068337,Low Risk
0,1,0.6866772182837275,Medium Risk
0,0,0.3256138986331032,Medium Risk
0,0,0.026315790159895113,Low Risk
1,1,0.9701622338330581,High Risk
0,0,0.02772606672854032,Low Risk
0,0,0.01846723753826604,Low Risk
0,1,0.6570108939592988,Medium Risk
0,0,0.33057487862706486,Medium Risk
0,0,0.026658592817049576,Low Risk
0,0,0.06090391861759941,Low Risk
1,1,0.9019090200730712,High Risk
1,1,0.8808123702817516,High Risk
1,1,0.808506166614666,High Risk
0,0,0.2656373497881082,Low Risk
1,1,0.7938964593332161,High Risk
0,0,0.025966732529295614,Low Risk
0,0,0.007686196201678975,Low Risk
0,1,0.8427848113347639,High Risk
0,0,0.0023446577691214688,Low Risk
0,1,0.7024133983979337,High Risk
0,1,0.8598035652090957,High Risk
1,1,0.9250807846805419,High Risk
0,0,0.022416878158956408,Low Risk
0,0,0.012668596264691407,Low Risk
0,0,0.014046790169425009,Low Risk
0,0,0.016009963821946596,Low Risk
0,0,0.17305877355033897,Low Risk
1,1,0.8851795328192027,High Risk
0,0,0.014401608374846121,Low Risk
1,1,0.6817944225795888,Medium Risk
0,0,0.007912236015868468,Low Risk
1,0,0.4432882422898069,Medium Risk
1,1,0.8854342949180847,High Risk
1,1,0.688988835572953,Medium Risk
0,1,0.6332666926354826,Medium Risk
1,0,0.3271786611196316,Medium Risk
0,0,0.002713653779683889,Low Risk
0,0,0.010147370619324882,Low Risk
0,0,0.002808067099373718,Low Risk
1,0,0.06404141051562016,Low Risk
1,1,0.770072697738215,High Risk
0,0,0.12037791301707856,Low Risk
1,1,0.7948210195460329,High Risk
0,1,0.5187732154787766,Medium Risk
1,1,0.5640242104500408,Medium Risk
1,0,0.4257087408197152,Medium Risk
0,1,0.690302644377819,Medium Risk
0,0,0.013461669590693507,Low Risk
0,0,0.018544329921913415,Low Risk
1,1,0.6004922762686634,Medium Risk
0,0,0.0012780259326217484,Low Risk
1,0,0.47037004350348316,Medium Risk
1,1,0.7757718000069981,High Risk
1,1,0.7549225915406734,High Risk
1,0,0.20528456579312918,Low Risk
0,0,0.11611347919668324,Low Risk
0,0,0.03612352651999949,Low Risk
1,1,0.7414394958915087,High Risk
1,1,0.9175096694933652,High Risk
0,0,0.028138254164064642,Low Risk
0,0,0.01822964438661993,Low Risk
0,0,0.004277593057202188,Low Risk
0,0,0.02627683547857222,Low Risk
0,0,0.3893078706869433,Medium Risk
0,0,0.05955383155350303,Low Risk
0,1,0.7733674250898595,High Risk
0,1,0.8391657444903285,High Risk
1,1,0.598055746840958,Medium Risk
0,0,0.12029495546238937,Low Risk
1,1,0.9774581563791466,High Risk
0,0,0.11330243690162631,Low Risk
0,0,0.1656640631982502,Low Risk
1,1,0.9335940113297124,High Risk
0,0,0.2802871379945476,Low Risk
0,0,0.0066772001914830875,Low Risk
1,1,0.6467267463298262,Medium Risk
0,1,0.7042720824551412,High Risk
0,0,0.14491278807922175,Low Risk
0,0,0.05327139593626415,Low Risk
0,0,0.008628593006330615,Low Risk
1,1,0.6393544042940784,Medium Risk
0,1,0.7172998904857283,High Risk
1,1,0.9587263446891497,High Risk
0,0,0.08638504787155594,Low Risk
0,1,0.7624466959419671,High Risk
0,1,0.613721702691616,Medium Risk
0,1,0.6069311418640663,Medium Risk
0,0,0.2544350957807853,Low Risk
0,0,0.00760452515665922,Low Risk
0,0,0.1062267743927843,Low Risk
0,0,0.03906452422107518,Low Risk
1,1,0.9353384354561851,High Risk
0,0,0.2589852077986214,Low Risk
0,0,0.001553025808150976,Low Risk
1,1,0.5149313890527933,Medium Risk
0,0,0.3712573404395774,Medium Risk
0,1,0.5445368335872465,Medium Risk
0,0,0.04269956062942885,Low Risk
0,0,0.012029737153416792,Low Risk
1,0,0.3894566565056839,Medium Risk
0,0,0.22848055714536966,Low Risk
0,1,0.7288967820992631,High Risk
0,1,0.8391381897910316,High Risk
0,0,0.31723995598458865,Medium Risk
0,0,0.008009870231286745,Low Risk
1,1,0.8108546019082868,High Risk
0,0,0.31320841476373773,Medium Risk
0,1,0.8309074570081131,High Risk
0,0,0.06564524372435258,Low Risk
0,1,0.7577020205085991,High Risk
1,1,0.660763204653181,Medium Risk
1,1,0.7056289440717181,High Risk
0,0,0.04308965102127374,Low Risk
0,0,0.02468535708813686,Low Risk
0,1,0.7705144159062655,High Risk
1,1,0.9643346359392356,High Risk
0,1,0.9249974257084024,High Risk
1,1,0.7870159934072659,High Risk
1,1,0.7669417072733744,High Risk
0,1,0.7953979978341335,High Risk
0,0,0.021308770268020312,Low Risk
0,0,0.017680164413449818,Low Risk
0,0,0.0038281585299758236,Low Risk
1,1,0.7466203057572391,High Risk
0,0,0.007468739905054992,Low Risk
0,0,0.30470598243840913,Medium Risk
0,0,0.4484166222610004,Medium Risk
1,1,0.9004829487418656,High Risk
0,0,0.06730226187978247,Low Risk
0,0,0.4585811658355213,Medium Risk
1,1,0.5666728712421097,Medium Risk
0,0,0.011059902109718554,Low Risk
0,0,0.07480386679394968,Low Risk
0,0,0.0065959684838800756,Low Risk
0,0,0.038704147329217606,Low Risk
0,0,0.2168973666086303,Low Risk
0,0,0.07575582353180324,Low Risk
0,1,0.5437058935928716,Medium Risk
0,0,0.0019591393216245017,Low Risk
0,0,0.0158721069624016,Low Risk
0,1,0.7920017467934769,High Risk
1,0,0.38376909748786725,Medium Risk
0,0,0.029182521277923205,Low Risk
0,1,0.8290843960396339,High Risk
1,1,0.6906401925111336,Medium Risk
0,0,0.3472376612941733,Medium Risk
1,1,0.9466589791613191,High Risk
0,0,0.0988700354260289,Low Risk
1,1,0.6834954817235352,Medium Risk
0,1,0.7059703431169679,High Risk
0,0,0.14123354363132568,Low Risk
1,1,0.8439143925705502,High Risk
0,0,0.038154989606843354,Low Risk
1,1,0.9864025125281002,High Risk
0,0,0.0135419565675272,Low Risk
0,0,0.020768889652795785,Low Risk
0,0,0.03137937681632825,Low Risk
0,0,0.12992687295359448,Low Risk
0,0,0.16508409329567894,Low Risk
0,0,0.02500204340722893,Low Risk
0,0,0.3254402523648671,Medium Risk
1,1,0.7075097130847822,High Risk
0,0,0.019804363852711573,Low Risk
0,1,0.7486538050405663,High Risk
1,1,0.7386612209284774,High Risk
0,1,0.636506444363008,Medium Risk
0,0,0.004788581986663172,Low Risk
0,0,0.002006444927092699,Low Risk
1,1,0.7828847840160768,High Risk
0,1,0.5447372967893782,Medium Risk
1,0,0.3570736104992291,Medium Risk
1,0,0.47431778077529074,Medium Risk
0,0,0.17179890645096962,Low Risk
0,0,0.3061757028201908,Medium Risk
0,1,0.5095412716509147,Medium Risk
0,0,0.0292032735890013,Low Risk
0,0,0.004463909268602269,Low Risk
0,0,0.11985576992492358,Low Risk
1,1,0.6227615377592893,Medium Risk
0,1,0.9113876670085809,High Risk
1,1,0.7442045270208898,High Risk
0,0,0.031804072785241964,Low Risk
1,1,0.7390358127088731,High Risk
1,1,0.9709947801607621,High Risk
0,0,0.010299845082848355,Low Risk
0,0,0.3728246134955915,Medium Risk
1,1,0.7103479145156018,High Risk
0,0,0.24037615846516427,Low Risk
0,1,0.6412398755907053,Medium Risk
0,1,0.5500792854633341,Medium Risk
0,0,0.014957670905071973,Low Risk
0,0,0.011761276354458169,Low Risk
0,1,0.7968330203202405,High Risk
0,1,0.6134114928304208,Medium Risk
1,1,0.8764497669851629,High Risk
0,0,0.035520181401781196,Low Risk
0,0,0.02830689614499289,Low Risk
0,0,0.06576345916581919,Low Risk
0,0,0.41642883405405434,Medium Risk
0,0,0.08121256140608535,Low Risk
0,0,0.04701792375008204,Low Risk
0,1,0.7013943346651532,High Risk
0,0,0.028284548631945152,Low Risk
1,1,0.5268025093288542,Medium Risk
0,0,0.008433331611435972,Low Risk
0,0,0.12600867211167796,Low Risk
0,0,0.41157445743543886,Medium Risk
0,0,0.46983266605530394,Medium Risk
1,0,0.4259934657519475,Medium Risk
0,0,0.3826807945968745,Medium Risk
0,0,0.03648275218520547,Low Risk
0,0,0.023665058747389417,Low Risk
1,0,0.2711307605749378,Low Risk
0,0,0.04171046649998004,Low Risk
1,1,0.8975302939462795,High Risk
0,0,0.006635253000857837,Low Risk
1,1,0.7472619656606335,High Risk
0,0,0.04837520849018856,Low Risk
0,0,0.05216719969433246,Low Risk
0,0,0.04190125353464864,Low Risk
0,0,0.18385300192924312,Low Risk
1,1,0.8955632838717207,High Risk
0,0,0.0030560588779822767,Low Risk
0,0,0.1611401217940065,Low Risk
0,1,0.5121973961869419,Medium Risk
1,1,0.5902149962345404,Medium Risk
0,0,0.14680126072916722,Low Risk
1,1,0.6696003384553797,Medium Risk
1,1,0.6959373060350423,Medium Risk
0,0,0.0425963472328781,Low Risk
0,0,0.03212477077113569,Low Risk
0,0,0.16885603373586924,Low Risk
1,1,0.8849867636642975,High Risk
1,1,0.771219601959197,High Risk
0,0,0.005287027520849923,Low Risk
0,0,0.0035339309700543197,Low Risk
0,0,0.10154233749169629,Low Risk
0,0,0.22595434633269715,Low Risk
0,0,0.0008616168649116239,Low Risk
0,0,0.01881056976959449,Low Risk
1,1,0.8092527733524928,High Risk
1,1,0.5360232892521706,Medium Risk
0,0,0.008969318813569419,Low Risk
0,1,0.6797170310974844,Medium Risk
0,0,0.024169070314707414,Low Risk
0,0,0.163605903510736,Low Risk
1,1,0.6195265728740063,Medium Risk
0,0,0.08128256703197419,Low Risk
0,0,0.49218783316467984,Medium Risk
0,1,0.9284187523285015,High Risk
0,0,0.11887377736263396,Low Risk
0,1,0.5255251062273681,Medium Risk
0,0,0.010661449864746913,Low Risk
0,0,0.41346319264348214,Medium Risk
0,0,0.2080612941852343,Low Risk
1,0,0.23613465911535067,Low Risk
1,0,0.2522439636730529,Low Risk
0,0,0.3099535424425236,Medium Risk
0,0,0.3144383796182111,Medium Risk
0,0,0.40197509301329754,Medium Risk
1,1,0.9096851327321965,High Risk
0,0,0.0015275949629158165,Low Risk
0,1,0.7421754423269676,High Risk
0,1,0.6648152010652865,Medium Risk
0,0,0.016144171708356754,Low Risk
0,1,0.5242407146438578,Medium Risk
0,0,0.34843424358968184,Medium Risk
1,1,0.83643059939601,High Risk
1,1,0.7317611215118545,High Risk
0,0,0.017129743335005086,Low Risk
0,0,0.029198107522455868,Low Risk
1,1,0.710495591768803,High Risk
1,1,0.6027048651315043,Medium Risk
1,1,0.8357338967306962,High Risk
0,0,0.042847694791612954,Low Risk
0,0,0.2517108804116191,Low Risk
0,1,0.5461645038344046,Medium Risk
0,0,0.0034527869484850295,Low Risk
0,0,0.46335170831169153,Medium Risk
1,0,0.30856293621453657,Medium Risk
0,1,0.6973211813667154,Medium Risk
0,1,0.5403131207902944,Medium Risk
1,1,0.7071296631823087,High Risk
0,0,0.028235738537853043,Low Risk
0,1,0.738970060011067,High Risk
0,0,0.27103944339692043,Low Risk
0,0,0.011828822380045045,Low Risk
1,1,0.9709947801607621,High Risk
0,0,0.009331045535360506,Low Risk
0,1,0.7348244005509084,High Risk
0,1,0.7737673773781824,High Risk
0,0,0.3781570463467738,Medium Risk
0,0,0.075883746809033,Low Risk
1,1,0.8742543845527798,High Risk
0,0,0.018496543690345316,Low Risk
0,0,0.017173571412312863,Low Risk
0,0,0.010220576169899223,Low Risk
0,0,0.06013734929021463,Low Risk
0,0,0.0776038613926442,Low Risk
0,0,0.004236514299277061,Low Risk
0,0,0.13205099063769757,Low Risk
0,0,0.30585907614794783,Medium Risk
0,0,0.0025396578277502996,Low Risk
